--
-- PostgreSQL database dump
--

-- Dumped from database version 11.9 (Raspbian 11.9-0+deb10u1)
-- Dumped by pg_dump version 11.9 (Raspbian 11.9-0+deb10u1)

SET statement_timeout = 0;
SET lock_timeout = 0;
SET idle_in_transaction_session_timeout = 0;
SET client_encoding = 'UTF8';
SET standard_conforming_strings = on;
SELECT pg_catalog.set_config('search_path', '', false);
SET check_function_bodies = false;
SET xmloption = content;
SET client_min_messages = warning;
SET row_security = off;

SET default_tablespace = '';

SET default_with_oids = false;

--
-- Name: categories; Type: TABLE; Schema: public; Owner: vicnie
--

CREATE TABLE public.categories (
    id integer NOT NULL,
    name character varying(255) NOT NULL,
    color character varying(255),
    orderidx integer NOT NULL
);


ALTER TABLE public.categories OWNER TO vicnie;

--
-- Name: categories_id_seq; Type: SEQUENCE; Schema: public; Owner: vicnie
--

CREATE SEQUENCE public.categories_id_seq
    START WITH 1
    INCREMENT BY 1
    NO MINVALUE
    NO MAXVALUE
    CACHE 1;


ALTER TABLE public.categories_id_seq OWNER TO vicnie;

--
-- Name: categories_id_seq; Type: SEQUENCE OWNED BY; Schema: public; Owner: vicnie
--

ALTER SEQUENCE public.categories_id_seq OWNED BY public.categories.id;


--
-- Name: categories_orderidx_seq; Type: SEQUENCE; Schema: public; Owner: vicnie
--

CREATE SEQUENCE public.categories_orderidx_seq
    START WITH 1
    INCREMENT BY 1
    NO MINVALUE
    NO MAXVALUE
    CACHE 1;


ALTER TABLE public.categories_orderidx_seq OWNER TO vicnie;

--
-- Name: categories_orderidx_seq; Type: SEQUENCE OWNED BY; Schema: public; Owner: vicnie
--

ALTER SEQUENCE public.categories_orderidx_seq OWNED BY public.categories.orderidx;


--
-- Name: products; Type: TABLE; Schema: public; Owner: vicnie
--

CREATE TABLE public.products (
    id integer NOT NULL,
    name character varying(255) NOT NULL,
    inactive boolean DEFAULT false,
    checked boolean DEFAULT false,
    category integer,
    amount numeric DEFAULT 0,
    unit character varying(50)
);


ALTER TABLE public.products OWNER TO vicnie;

--
-- Name: products_id_seq; Type: SEQUENCE; Schema: public; Owner: vicnie
--

CREATE SEQUENCE public.products_id_seq
    START WITH 1
    INCREMENT BY 1
    NO MINVALUE
    NO MAXVALUE
    CACHE 1;


ALTER TABLE public.products_id_seq OWNER TO vicnie;

--
-- Name: products_id_seq; Type: SEQUENCE OWNED BY; Schema: public; Owner: vicnie
--

ALTER SEQUENCE public.products_id_seq OWNED BY public.products.id;


--
-- Name: users; Type: TABLE; Schema: public; Owner: vicnie
--

CREATE TABLE public.users (
    id integer NOT NULL,
    username character varying(255) NOT NULL,
    email character varying(255) NOT NULL,
    photo character varying(255) NOT NULL,
    language character varying(255) NOT NULL
);


ALTER TABLE public.users OWNER TO vicnie;

--
-- Name: users_id_seq; Type: SEQUENCE; Schema: public; Owner: vicnie
--

CREATE SEQUENCE public.users_id_seq
    START WITH 1
    INCREMENT BY 1
    NO MINVALUE
    NO MAXVALUE
    CACHE 1;


ALTER TABLE public.users_id_seq OWNER TO vicnie;

--
-- Name: users_id_seq; Type: SEQUENCE OWNED BY; Schema: public; Owner: vicnie
--

ALTER SEQUENCE public.users_id_seq OWNED BY public.users.id;


--
-- Name: categories id; Type: DEFAULT; Schema: public; Owner: vicnie
--

ALTER TABLE ONLY public.categories ALTER COLUMN id SET DEFAULT nextval('public.categories_id_seq'::regclass);


--
-- Name: categories orderidx; Type: DEFAULT; Schema: public; Owner: vicnie
--

ALTER TABLE ONLY public.categories ALTER COLUMN orderidx SET DEFAULT nextval('public.categories_orderidx_seq'::regclass);


--
-- Name: products id; Type: DEFAULT; Schema: public; Owner: vicnie
--

ALTER TABLE ONLY public.products ALTER COLUMN id SET DEFAULT nextval('public.products_id_seq'::regclass);


--
-- Name: users id; Type: DEFAULT; Schema: public; Owner: vicnie
--

ALTER TABLE ONLY public.users ALTER COLUMN id SET DEFAULT nextval('public.users_id_seq'::regclass);


--
-- Data for Name: categories; Type: TABLE DATA; Schema: public; Owner: vicnie
--

COPY public.categories (id, name, color, orderidx) FROM stdin;
1	Flingor & Gryn	rgb(255, 191, 128)	15
9	Dryck	rgb(255, 128, 223)	14
10	Mejeri	rgb(128, 204, 255)	12
12	Kryddor	rgb(153, 230, 153)	11
4	Tacos & Pesto	rgb(255, 128, 128)	9
24	International	#8080ff	10
7	K칬tt & Chark	rgb(255, 128, 128)	5
8	Ost & P친l칛gg	rgb(223, 255, 128)	4
3	Pasta & Ris	rgb(255, 230, 128)	8
6	Kolonialvaror	rgb(191, 255, 128)	7
14	H칛lsa & Sk칬nhet	rgb(255, 128, 179)	21
16	Annie & Victor 游눘	rgb(255, 128, 179)	24
15	Alkohol	rgb(255, 128, 128)	23
22	Kassan	#ffbf80	22
17	Snacks & Godis	#aa80ff	20
18	Tv칛tt & St칛d	#80ffe5	18
11	Fryst	rgb(128, 179, 255)	19
5	Hush친ll	rgb(153, 230, 230)	17
25	Baka	#ffe680	16
13	Frukt & Gr칬nt	#80ff80	3
2	Br칬d & Bageri	rgb(170, 128, 255)	6
\.


--
-- Data for Name: products; Type: TABLE DATA; Schema: public; Owner: vicnie
--

COPY public.products (id, name, inactive, checked, category, amount, unit) FROM stdin;
7	Yogurt	t	f	10	0	\N
15	Kroppkakor	t	f	7	0	\N
17	Pulled Pork	t	f	7	0	\N
28	Senap stark	t	f	6	0	\N
30	Conditioner pink	t	f	14	0	\N
31	Rakhyvlar	t	f	14	0	\N
40	Drumsticks	t	f	11	0	\N
44	Pizza	t	f	11	0	\N
45	Pommes frites	t	f	11	0	\N
47	Grillkrydda	t	f	12	0	\N
48	Kanel	t	f	12	0	\N
49	Oregano	t	f	12	0	\N
56	Tortillachips	t	f	4	0	\N
342	Majonn칛s	t	f	6	0	\N
336	Grenadin	t	f	6	0	\N
9	L칛sk	t	f	9	0	\N
89	Vit Rom	t	f	15	0	\N
50	Rosmarin	t	f	12	0	\N
311	T친rta	t	f	11	0	\N
310	Selleri	t	f	13	0	\N
20	Jasminris	f	f	3	0	\N
239	1 liters p친sar	t	f	5	0	\N
238	Svinto	t	f	5	0	\N
181	Glass	t	f	11	0	\N
3	Gr칛dde	t	f	10	0	\N
8	Apelsinjuice	t	f	9	0	\N
188	Ajax	t	f	5	0	\N
170	Ketchup	t	f	6	0	\N
149	Flingsalt	t	f	12	0	\N
196	Rapsolja	t	f	6	0	\N
86	Chilliflakes	t	f	12	0	\N
85	Ansiktstv칛tt	t	f	14	0	\N
95	Rostad l칬k	t	f	6	0	\N
150	Disktrasor	t	f	5	0	\N
163	Salt	t	f	12	0	\N
19	Basmatiris	f	f	3	0	\N
359	Bregott	f	f	10	0	\N
156	Tandpetare	t	f	14	0	\N
155	Plastp친sar	t	f	5	0	\N
106	Hamburgare	t	f	7	0	\N
108	Potatissallad	t	f	10	0	\N
506	Matjesill	f	f	7	1	 st
657	Silvertejp	t	t	5	0	\N
171	Chillis친s	t	t	6	0	\N
388	Flytande honung	t	t	25	0	\N
381	Krossade tomater	t	t	6	0	\N
162	Jordn칬tter	t	t	17	0	\N
540	Gr칛ddfil	t	t	10	0	\N
735	Coca-Cola	t	t	9	0	\N
731	7up	t	t	9	0	\N
305	Tomatpur칠	t	t	6	0	\N
508	Gr칛sl칬k	t	t	13	0	\N
816	Chilis친s	t	t	6	0	\N
101	Str칬socker	t	t	2	0	\N
199	Lantchips	t	t	17	0	\N
522	R칬rsocker	t	t	2	0	\N
430	Dipp	t	t	17	0	\N
580	Diljonsenap	t	t	6	0	\N
585	Haricots Verts	t	t	11	0	\N
16	P친l칛ggskorv - Salami	t	t	7	0	\N
54	Tacobr칬d	t	t	4	0	\N
912	Vitk친l	t	t	13	800	g
920	Kokosgr칛dde	t	t	6	400	ml
918	Svarta b칬ner	t	t	6	380	g
125	K칬tt	t	t	7	0	\N
676	Mirin	t	t	24	0	\N
677	Tahini	t	t	24	0	\N
133	Mynta	t	t	12	0	\N
14	Korv - ex. Chorizo	t	t	7	0	\N
272	Balsam	t	t	14	0	\N
79	Tandkr칛m	t	t	14	0	\N
37	Toalettpapper	t	t	18	0	\N
57	Potatis	t	t	13	0	\N
135	Champinjoner	t	t	13	0	\N
916	Majskolv	t	t	13	4	st
58	Sallad	t	t	13	0	\N
914	Salladsl칬k	t	t	13	300	g
5	Mj칬lk	t	t	10	3	 st
509	츿gg	t	t	10	0	\N
62	Min K칛rlek 游눝游눟游눞仇벒잺	f	f	16	0	\N
1	A-fil	t	t	10	0	\N
784	Sesamolja	t	t	6	0	\N
755	Kastanjechampinjoner	t	t	13	0	\N
460	Basilika	t	t	13	0	\N
797	K칬rsb칛rstomater	t	t	13	0	\N
872	Rucula	t	t	13	0	\N
752	Svampbuljong	t	t	6	0	\N
894	Kavjar	t	t	6	0	\N
38	Tv칛ttmedel color	t	t	18	0	\N
767	Rostebr칬d	t	t	2	0	\N
39	Tv칛ttmedel vit	t	t	18	0	\N
889	Tacochips	t	t	4	0	\N
868	Tv친l	t	t	14	0	\N
32	Shampoo	t	t	14	0	\N
42	Kyckling	t	t	8	0	\N
80	Baguetter	t	t	2	0	\N
869	Salladsdressing	t	t	6	0	\N
813	B칬ngroddar	t	t	6	0	\N
52	Pesto - Basilika	t	t	4	0	\N
664	Jordn칬tssm칬r	t	t	24	0	\N
197	Dijonsenap	t	t	6	0	\N
268	Br칬d	t	t	2	0	\N
782	Socker칛rtor	t	t	6	0	\N
35	Diskmedel	t	t	5	0	\N
740	Tapenade (Svarta oliver ICA)	t	t	6	0	\N
22	Spaghetti	t	t	3	0	\N
380	Schalottenl칬k	t	t	13	0	\N
818	Fizzy pop	t	t	17	0	\N
758	Parmesanost	t	t	8	0	\N
753	Carnaroli- eller arborioris	t	t	3	0	\N
754	Matlagningsvin	t	t	9	0	\N
744	St칬bakad fisk 	t	t	11	0	\N
778	츿ggnudlar	t	t	3	0	\N
822	Sura Colanappar	t	t	17	0	\N
688	Silverl칬k	t	t	13	0	\N
729	Ljus choklad 	t	t	25	0	\N
51	Vitl칬k	t	t	13	0	\N
276	Citron	t	t	13	0	\N
267	Risgrynsgr칬t	t	t	7	0	\N
661	Tofu	t	t	24	0	\N
666	Svart ris	t	t	3	0	\N
708	Philadelphiaost	t	t	8	0	\N
879	Risifrutti	t	t	10	0	\N
46	Fetaost	t	t	8	0	\N
462	Vitpeppar	t	t	12	0	\N
10	M친ltidsdryck	t	t	9	0	\N
710	Digestivekex 	t	t	8	0	\N
103	Honung	t	t	6	0	\N
27	Olivolja	t	t	6	0	\N
653	Persilja	t	t	11	0	\N
537	Lime	t	t	13	0	\N
652	Br칬dkrutonger	t	t	2	0	\N
655	Winerkorv	t	t	7	0	\N
102	Bomullspads	t	t	14	0	\N
489	Paprikapuler	t	t	12	0	\N
34	Fruktm칲sli	t	t	1	0	\N
33	Crunchy	t	t	1	0	\N
11	Bacon	t	t	7	0	\N
281	Bulgur	t	t	3	0	\N
131	Blandf칛rs	t	t	7	0	\N
616	Woks친s (Asian woksause)	t	t	6	0	\N
70	Gurka 2	f	f	14	0	
23	Bearnaises친s	t	t	6	0	\N
663	Avokado	t	t	13	2	 st
447	Paprika	f	f	13	0	\N
29	Soltorkade tomater	f	f	6	0	\N
591	Remoulads친s 	t	t	6	0	\N
2	Creme Fraiche 	f	f	10	0	\N
105	Flytande sm칬r	t	t	10	0	\N
425	Toalettreng칬ring	t	t	18	0	\N
426	F칬nsterputs	t	t	18	0	\N
25	Chillibea	t	t	6	0	\N
521	V칛rktabletter	t	t	22	0	\N
55	Tacos친s	t	t	4	0	\N
324	Limejuice p친 flaska	t	t	13	0	\N
53	Pesto - Soltorkad tomat	t	t	4	0	\N
922	Tortillabr칬d	t	t	4	0	\N
78	Ost	t	t	8	0	\N
725	Brun farin	t	t	25	0	\N
728	Sirap	t	t	25	0	\N
726	Sm칬rpapper 	t	t	5	0	\N
658	Vanlig tejp	t	t	5	0	\N
6	Sm칬r	t	t	10	0	\N
36	Hush친llspapper	t	t	18	0	\N
665	Gulbetor	t	t	13	0	\N
615	Wokgr칬nsaker 	t	t	11	0	\N
43	Lax	t	t	11	0	\N
672	Ingef칛ra	t	t	13	0	\N
473	R칬dl칬k	t	t	13	0	\N
257	Passerade tomater	t	t	6	400	g
606	F칬nsterskrapa	t	t	5	0	\N
785	Blomk친l	t	t	13	0	\N
857	Sesamfr칬n	t	t	12	0	\N
41	F칛rdigmat	t	t	11	0	\N
756	Vegof칛rs	t	t	11	0	\N
823	Post	t	t	22	0	\N
107	Hamburgebr칬d	t	t	2	0	\N
919	Risvin칛ger	t	t	6	0	\N
926	Gr칬nsaksfond	t	t	6	0	\N
687	Chilli	t	t	13	4	st
259	Gul l칬k	t	t	13	3	st
686	Koriander	t	t	13	2	 krukor
312	Mor칬tter	t	t	13	300	g
59	S칬tpotatis	t	t	13	100	kg
383	Halloumiost	t	t	8	2	st
139	Mozarellaost	t	t	8	150	g
673	Kokosmj칬lk	t	t	6	500	ml
590	Mj칬lig Potatis	t	t	3	1.5	kg
699	Saffran	t	t	22	4	pkt
116	Nudlar	f	f	3	0	\N
187	Tops	t	t	14	0	\N
504	F칛rskpotatis	t	t	13	0	\N
217	Creme Fraiche - soltorkad tomat	t	t	10	0	\N
87	Fl칛ckborttagningsmedel	t	t	5	0	\N
134	Purjol칬k	t	t	13	0	\N
717	Babyspenat	t	t	13	65	g
705	Apelsin	t	t	13	2	st
636	Zucchini	t	t	13	0	\N
382	Spenat	t	t	13	0	\N
13	Fl칛skfil칠	t	t	7	0	\N
734	츿ppeljuice	t	t	9	0	\N
736	Shotglas 	t	t	\N	0	\N
743	Teriyaki	t	t	6	0	\N
737	Fireball	t	t	15	0	\N
738	Turkisk peppar	t	t	15	0	\N
848	Svamp	t	t	13	0	\N
845	Syltl칬k	t	t	6	0	\N
100	Vispgr칛dde	t	t	10	0	\N
647	Korvbr칬d	t	t	2	0	\N
452	Diskborste	t	t	18	0	\N
345	Falukorv	t	t	7	0	\N
559	Vin	t	t	15	0	\N
378	Buljongt칛rningar	t	t	6	0	\N
535	Frysta jordgubbar	t	t	11	0	\N
175	Polarbr칬d	t	t	2	0	\N
77	Sprite	t	t	9	0	\N
61	Vetemj칬l	t	t	2	0	\N
467	Fanta	t	t	9	0	\N
18	Skinka	t	t	7	0	\N
525	Frukt	t	t	13	0	\N
584	Gnocchi (Pasta)	t	t	3	0	\N
561	츿pple	t	t	13	0	\N
424	Tv칛ttsvamp	t	t	18	0	\N
478	N칬tdryck	t	t	10	0	\N
26	Lingonsylt	t	t	6	0	\N
505	Senapssill	t	t	\N	0	\N
60	Tomater	f	f	13	0	\N
962	Solrosfr칬n	f	f	25	0	
21	Pasta (Penne)	f	f	3	0	
\.


--
-- Data for Name: users; Type: TABLE DATA; Schema: public; Owner: vicnie
--

COPY public.users (id, username, email, photo, language) FROM stdin;
4	Victor Winberg	victor.m.winberg@gmail.com	https://lh4.googleusercontent.com/-B7EX1IJuLuM/AAAAAAAAAAI/AAAAAAAAAA4/wfq7MaUv4QY/photo.jpg?sz=50	en
1	Victor Winberg	victor95w@gmail.com	https://lh6.googleusercontent.com/-G-72Y03GkJY/AAAAAAAAAAI/AAAAAAAAI7w/svFGQZhrKFw/photo.jpg?sz=50	en
2	Annie 칐nnered	annie.onnered@gmail.com	https://lh4.googleusercontent.com/-zp37wwjju1U/AAAAAAAAAAI/AAAAAAAAACI/BET3Cc9Cg_s/photo.jpg?sz=50	sv
\.


--
-- Name: categories_id_seq; Type: SEQUENCE SET; Schema: public; Owner: vicnie
--

SELECT pg_catalog.setval('public.categories_id_seq', 25, true);


--
-- Name: categories_orderidx_seq; Type: SEQUENCE SET; Schema: public; Owner: vicnie
--

SELECT pg_catalog.setval('public.categories_orderidx_seq', 25, true);


--
-- Name: products_id_seq; Type: SEQUENCE SET; Schema: public; Owner: vicnie
--

SELECT pg_catalog.setval('public.products_id_seq', 963, true);


--
-- Name: users_id_seq; Type: SEQUENCE SET; Schema: public; Owner: vicnie
--

SELECT pg_catalog.setval('public.users_id_seq', 4, true);


--
-- Name: categories categories_name_key; Type: CONSTRAINT; Schema: public; Owner: vicnie
--

ALTER TABLE ONLY public.categories
    ADD CONSTRAINT categories_name_key UNIQUE (name);


--
-- Name: categories categories_pkey; Type: CONSTRAINT; Schema: public; Owner: vicnie
--

ALTER TABLE ONLY public.categories
    ADD CONSTRAINT categories_pkey PRIMARY KEY (id);


--
-- Name: products products_name_key; Type: CONSTRAINT; Schema: public; Owner: vicnie
--

ALTER TABLE ONLY public.products
    ADD CONSTRAINT products_name_key UNIQUE (name);


--
-- Name: products products_pkey; Type: CONSTRAINT; Schema: public; Owner: vicnie
--

ALTER TABLE ONLY public.products
    ADD CONSTRAINT products_pkey PRIMARY KEY (id);


--
-- Name: users users_pkey; Type: CONSTRAINT; Schema: public; Owner: vicnie
--

ALTER TABLE ONLY public.users
    ADD CONSTRAINT users_pkey PRIMARY KEY (email);


--
-- Name: products products_category_fkey; Type: FK CONSTRAINT; Schema: public; Owner: vicnie
--

ALTER TABLE ONLY public.products
    ADD CONSTRAINT products_category_fkey FOREIGN KEY (category) REFERENCES public.categories(id) ON DELETE SET NULL;


--
-- PostgreSQL database dump complete
--

